{
 "z": 0.14427312775330398,
 "P": 0.08480176211453745,
 "/": 0.08259911894273128,
 "9": 0.05947136563876652,
 "O": 0.05837004405286344,
 "Q": 0.04955947136563876,
 "t": 0.048458149779735685,
 "\\": 0.042951541850220265,
 "3": 0.04185022026431718,
 "N": 0.039647577092511016,
 "R": 0.037444933920704845,
 "1": 0.03524229074889868,
 "m": 0.031938325991189426,
 "f": 0.031938325991189426,
 "2": 0.030837004405286344,
 "W": 0.01762114537444934,
 "x": 0.016519823788546256,
 "n": 0.014317180616740088,
 "I": 0.014317180616740088,
 "`": 0.013215859030837005,
 ";": 0.013215859030837005,
 "8": 0.012114537444933921,
 "s": 0.011013215859030838,
 "0": 0.009911894273127754,
 "\n": 0.007709251101321586,
 "E": 0.006607929515418502,
 "c": 0.006607929515418502,
 "-": 0.005506607929515419,
 "k": 0.005506607929515419,
 "7": 0.005506607929515419,
 "?": 0.005506607929515419,
 "6": 0.004405286343612335,
 "d": 0.004405286343612335,
 "5": 0.004405286343612335,
 "4": 0.0011013215859030838,
 "v": 0.0011013215859030838
}